TEST_10000,10000
TEST_10001,10001
TEST_10002,10002
TEST_10003,10003
TEST_10004,10004
TEST_10005,10005
TEST_10006,10006
TEST_10007,10007
TEST_10008,10008
TEST_10009,10009
TEST_10010,10010
TEST_10011,10011
TEST_10012,10012
TEST_10013,10013
TEST_10014,10014
TEST_10015,10015
TEST_10016,10016
TEST_10017,10017
TEST_10018,10018
TEST_10019,10019
TEST_10020,10020
TEST_10021,10021
TEST_10022,10022
TEST_10023,10023
TEST_10024,10024
TEST_10025,10025
TEST_10026,10026
TEST_10027,10027
TEST_10028,10028
TEST_10029,10029
TEST_10030,10030
TEST_10031,10031
TEST_10032,10032
TEST_10033,10033
TEST_10034,10034
TEST_10035,10035
TEST_10036,10036
TEST_10037,10037
TEST_10038,10038
TEST_10039,10039
TEST_10040,10040
TEST_10041,10041
TEST_10042,10042
TEST_10043,10043
TEST_10044,10044
TEST_10045,10045
TEST_10046,10046
TEST_10047,10047
TEST_10048,10048
TEST_10049,10049
TEST_10050,10050
TEST_10051,10051
TEST_10052,10052
TEST_10053,10053
TEST_10054,10054
TEST_10055,10055
TEST_10056,10056
TEST_10057,10057
TEST_10058,10058
TEST_10059,10059
TEST_10060,10060
TEST_10061,10061
TEST_10062,10062
TEST_10063,10063
TEST_10064,10064
TEST_10065,10065
TEST_10066,10066
TEST_10067,10067
TEST_10068,10068
TEST_10069,10069
TEST_10070,10070
TEST_10071,10071
TEST_10072,10072
TEST_10073,10073
TEST_10074,10074
TEST_10075,10075
TEST_10076,10076
TEST_10077,10077
TEST_10078,10078
TEST_10079,10079
TEST_10080,10080
TEST_10081,10081
TEST_10082,10082
TEST_10083,10083
TEST_10084,10084
TEST_10085,10085
TEST_10086,10086
TEST_10087,10087
TEST_10088,10088
TEST_10089,10089
TEST_10090,10090
TEST_10091,10091
TEST_10092,10092
TEST_10093,10093
TEST_10094,10094
TEST_10095,10095
TEST_10096,10096
TEST_10097,10097
TEST_10098,10098
TEST_10099,10099
TEST_10100,10100
TEST_10101,10101
TEST_10102,10102
TEST_10103,10103
TEST_10104,10104
TEST_10105,10105
TEST_10106,10106
TEST_10107,10107
TEST_10108,10108
TEST_10109,10109
TEST_10110,10110
TEST_10111,10111
TEST_10112,10112
TEST_10113,10113
TEST_10114,10114
TEST_10115,10115
TEST_10116,10116
TEST_10117,10117
TEST_10118,10118
TEST_10119,10119
TEST_10120,10120
TEST_10121,10121
TEST_10122,10122
TEST_10123,10123
TEST_10124,10124
TEST_10125,10125
TEST_10126,10126
TEST_10127,10127
TEST_10128,10128
TEST_10129,10129
TEST_10130,10130
TEST_10131,10131
TEST_10132,10132
TEST_10133,10133
TEST_10134,10134
TEST_10135,10135
TEST_10136,10136
TEST_10137,10137
TEST_10138,10138
TEST_10139,10139
TEST_10140,10140
TEST_10141,10141
TEST_10142,10142
TEST_10143,10143
TEST_10144,10144
TEST_10145,10145
TEST_10146,10146
TEST_10147,10147
TEST_10148,10148
TEST_10149,10149
TEST_10150,10150
TEST_10151,10151
TEST_10152,10152
TEST_10153,10153
TEST_10154,10154
TEST_10155,10155
TEST_10156,10156
TEST_10157,10157
TEST_10158,10158
TEST_10159,10159
TEST_10160,10160
TEST_10161,10161
TEST_10162,10162
TEST_10163,10163
TEST_10164,10164
TEST_10165,10165
TEST_10166,10166
TEST_10167,10167
TEST_10168,10168
TEST_10169,10169
TEST_10170,10170
TEST_10171,10171
TEST_10172,10172
TEST_10173,10173
TEST_10174,10174
TEST_10175,10175
TEST_10176,10176
TEST_10177,10177
TEST_10178,10178
TEST_10179,10179
TEST_10180,10180
TEST_10181,10181
TEST_10182,10182
TEST_10183,10183
TEST_10184,10184
TEST_10185,10185
TEST_10186,10186
TEST_10187,10187
TEST_10188,10188
TEST_10189,10189
TEST_10190,10190
TEST_10191,10191
TEST_10192,10192
TEST_10193,10193
TEST_10194,10194
TEST_10195,10195
TEST_10196,10196
TEST_10197,10197
TEST_10198,10198
TEST_10199,10199
TEST_10200,10200
TEST_10201,10201
TEST_10202,10202
TEST_10203,10203
TEST_10204,10204
TEST_10205,10205
TEST_10206,10206
TEST_10207,10207
TEST_10208,10208
TEST_10209,10209
TEST_10210,10210
TEST_10211,10211
TEST_10212,10212
TEST_10213,10213
TEST_10214,10214
TEST_10215,10215
TEST_10216,10216
TEST_10217,10217
TEST_10218,10218
TEST_10219,10219
TEST_10220,10220
TEST_10221,10221
TEST_10222,10222
TEST_10223,10223
TEST_10224,10224
TEST_10225,10225
TEST_10226,10226
TEST_10227,10227
TEST_10228,10228
TEST_10229,10229
TEST_10230,10230
TEST_10231,10231
TEST_10232,10232
TEST_10233,10233
TEST_10234,10234
TEST_10235,10235
TEST_10236,10236
TEST_10237,10237
TEST_10238,10238
TEST_10239,10239
TEST_10240,10240
TEST_10241,10241
TEST_10242,10242
TEST_10243,10243
TEST_10244,10244
TEST_10245,10245
TEST_10246,10246
TEST_10247,10247
TEST_10248,10248
TEST_10249,10249
TEST_10250,10250
TEST_10251,10251
TEST_10252,10252
TEST_10253,10253
TEST_10254,10254
TEST_10255,10255
TEST_10256,10256
TEST_10257,10257
TEST_10258,10258
TEST_10259,10259
TEST_10260,10260
TEST_10261,10261
TEST_10262,10262
TEST_10263,10263
TEST_10264,10264
TEST_10265,10265
TEST_10266,10266
TEST_10267,10267
TEST_10268,10268
TEST_10269,10269
TEST_10270,10270
TEST_10271,10271
TEST_10272,10272
TEST_10273,10273
TEST_10274,10274
TEST_10275,10275
TEST_10276,10276
TEST_10277,10277
TEST_10278,10278
TEST_10279,10279
TEST_10280,10280
TEST_10281,10281
TEST_10282,10282
TEST_10283,10283
TEST_10284,10284
TEST_10285,10285
TEST_10286,10286
TEST_10287,10287
TEST_10288,10288
TEST_10289,10289
TEST_10290,10290
TEST_10291,10291
TEST_10292,10292
TEST_10293,10293
TEST_10294,10294
TEST_10295,10295
TEST_10296,10296
TEST_10297,10297
TEST_10298,10298
TEST_10299,10299
TEST_10300,10300
TEST_10301,10301
TEST_10302,10302
TEST_10303,10303
TEST_10304,10304
TEST_10305,10305
TEST_10306,10306
TEST_10307,10307
TEST_10308,10308
TEST_10309,10309
TEST_10310,10310
TEST_10311,10311
TEST_10312,10312
TEST_10313,10313
TEST_10314,10314
TEST_10315,10315
TEST_10316,10316
TEST_10317,10317
TEST_10318,10318
TEST_10319,10319
TEST_10320,10320
TEST_10321,10321
TEST_10322,10322
TEST_10323,10323
TEST_10324,10324
TEST_10325,10325
TEST_10326,10326
TEST_10327,10327
TEST_10328,10328
TEST_10329,10329
TEST_10330,10330
TEST_10331,10331
TEST_10332,10332
TEST_10333,10333
TEST_10334,10334
TEST_10335,10335
TEST_10336,10336
TEST_10337,10337
TEST_10338,10338
TEST_10339,10339
TEST_10340,10340
TEST_10341,10341
TEST_10342,10342
TEST_10343,10343
TEST_10344,10344
TEST_10345,10345
TEST_10346,10346
TEST_10347,10347
TEST_10348,10348
TEST_10349,10349
TEST_10350,10350
TEST_10351,10351
TEST_10352,10352
TEST_10353,10353
TEST_10354,10354
TEST_10355,10355
TEST_10356,10356
TEST_10357,10357
TEST_10358,10358
TEST_10359,10359
TEST_10360,10360
TEST_10361,10361
TEST_10362,10362
TEST_10363,10363
TEST_10364,10364
TEST_10365,10365
TEST_10366,10366
TEST_10367,10367
TEST_10368,10368
TEST_10369,10369
TEST_10370,10370
TEST_10371,10371
TEST_10372,10372
TEST_10373,10373
TEST_10374,10374
TEST_10375,10375
TEST_10376,10376
TEST_10377,10377
TEST_10378,10378
TEST_10379,10379
TEST_10380,10380
TEST_10381,10381
TEST_10382,10382
TEST_10383,10383
TEST_10384,10384
TEST_10385,10385
TEST_10386,10386
TEST_10387,10387
TEST_10388,10388
TEST_10389,10389
TEST_10390,10390
TEST_10391,10391
TEST_10392,10392
TEST_10393,10393
TEST_10394,10394
TEST_10395,10395
TEST_10396,10396
TEST_10397,10397
TEST_10398,10398
TEST_10399,10399
TEST_10400,10400
TEST_10401,10401
TEST_10402,10402
TEST_10403,10403
TEST_10404,10404
TEST_10405,10405
TEST_10406,10406
TEST_10407,10407
TEST_10408,10408
TEST_10409,10409
TEST_10410,10410
TEST_10411,10411
TEST_10412,10412
TEST_10413,10413
TEST_10414,10414
TEST_10415,10415
TEST_10416,10416
TEST_10417,10417
TEST_10418,10418
TEST_10419,10419
TEST_10420,10420
TEST_10421,10421
TEST_10422,10422
TEST_10423,10423
TEST_10424,10424
TEST_10425,10425
TEST_10426,10426
TEST_10427,10427
TEST_10428,10428
TEST_10429,10429
TEST_10430,10430
TEST_10431,10431
TEST_10432,10432
TEST_10433,10433
TEST_10434,10434
TEST_10435,10435
TEST_10436,10436
TEST_10437,10437
TEST_10438,10438
TEST_10439,10439
TEST_10440,10440
TEST_10441,10441
TEST_10442,10442
TEST_10443,10443
TEST_10444,10444
TEST_10445,10445
TEST_10446,10446
TEST_10447,10447
TEST_10448,10448
TEST_10449,10449
TEST_10450,10450
TEST_10451,10451
TEST_10452,10452
TEST_10453,10453
TEST_10454,10454
TEST_10455,10455
TEST_10456,10456
TEST_10457,10457
TEST_10458,10458
TEST_10459,10459
TEST_10460,10460
TEST_10461,10461
TEST_10462,10462
TEST_10463,10463
TEST_10464,10464
TEST_10465,10465
TEST_10466,10466
TEST_10467,10467
TEST_10468,10468
TEST_10469,10469
TEST_10470,10470
TEST_10471,10471
TEST_10472,10472
TEST_10473,10473
TEST_10474,10474
TEST_10475,10475
TEST_10476,10476
TEST_10477,10477
TEST_10478,10478
TEST_10479,10479
TEST_10480,10480
TEST_10481,10481
TEST_10482,10482
TEST_10483,10483
TEST_10484,10484
TEST_10485,10485
TEST_10486,10486
TEST_10487,10487
TEST_10488,10488
TEST_10489,10489
TEST_10490,10490
TEST_10491,10491
TEST_10492,10492
TEST_10493,10493
TEST_10494,10494
TEST_10495,10495
TEST_10496,10496
TEST_10497,10497
TEST_10498,10498
TEST_10499,10499
TEST_10500,10500
TEST_10501,10501
TEST_10502,10502
TEST_10503,10503
TEST_10504,10504
TEST_10505,10505
TEST_10506,10506
TEST_10507,10507
TEST_10508,10508
TEST_10509,10509
TEST_10510,10510
TEST_10511,10511
TEST_10512,10512
TEST_10513,10513
TEST_10514,10514
TEST_10515,10515
TEST_10516,10516
TEST_10517,10517
TEST_10518,10518
TEST_10519,10519
TEST_10520,10520
TEST_10521,10521
TEST_10522,10522
TEST_10523,10523
TEST_10524,10524
TEST_10525,10525
TEST_10526,10526
TEST_10527,10527
TEST_10528,10528
TEST_10529,10529
TEST_10530,10530
TEST_10531,10531
TEST_10532,10532
TEST_10533,10533
TEST_10534,10534
TEST_10535,10535
TEST_10536,10536
TEST_10537,10537
TEST_10538,10538
TEST_10539,10539
TEST_10540,10540
TEST_10541,10541
TEST_10542,10542
TEST_10543,10543
TEST_10544,10544
TEST_10545,10545
TEST_10546,10546
TEST_10547,10547
TEST_10548,10548
TEST_10549,10549
TEST_10550,10550
TEST_10551,10551
TEST_10552,10552
TEST_10553,10553
TEST_10554,10554
TEST_10555,10555
TEST_10556,10556
TEST_10557,10557
TEST_10558,10558
TEST_10559,10559
TEST_10560,10560
TEST_10561,10561
TEST_10562,10562
TEST_10563,10563
TEST_10564,10564
TEST_10565,10565
TEST_10566,10566
TEST_10567,10567
TEST_10568,10568
TEST_10569,10569
TEST_10570,10570
TEST_10571,10571
TEST_10572,10572
TEST_10573,10573
TEST_10574,10574
TEST_10575,10575
TEST_10576,10576
TEST_10577,10577
TEST_10578,10578
TEST_10579,10579
TEST_10580,10580
TEST_10581,10581
TEST_10582,10582
TEST_10583,10583
TEST_10584,10584
TEST_10585,10585
TEST_10586,10586
TEST_10587,10587
TEST_10588,10588
TEST_10589,10589
TEST_10590,10590
TEST_10591,10591
TEST_10592,10592
TEST_10593,10593
TEST_10594,10594
TEST_10595,10595
TEST_10596,10596
TEST_10597,10597
TEST_10598,10598
TEST_10599,10599
TEST_10600,10600
TEST_10601,10601
TEST_10602,10602
TEST_10603,10603
TEST_10604,10604
TEST_10605,10605
TEST_10606,10606
TEST_10607,10607
TEST_10608,10608
TEST_10609,10609
TEST_10610,10610
TEST_10611,10611
TEST_10612,10612
TEST_10613,10613
TEST_10614,10614
TEST_10615,10615
TEST_10616,10616
TEST_10617,10617
TEST_10618,10618
TEST_10619,10619
TEST_10620,10620
TEST_10621,10621
TEST_10622,10622
TEST_10623,10623
TEST_10624,10624
TEST_10625,10625
TEST_10626,10626
TEST_10627,10627
TEST_10628,10628
TEST_10629,10629
TEST_10630,10630
TEST_10631,10631
TEST_10632,10632
TEST_10633,10633
TEST_10634,10634
TEST_10635,10635
TEST_10636,10636
TEST_10637,10637
TEST_10638,10638
TEST_10639,10639
TEST_10640,10640
TEST_10641,10641
TEST_10642,10642
TEST_10643,10643
TEST_10644,10644
TEST_10645,10645
TEST_10646,10646
TEST_10647,10647
TEST_10648,10648
TEST_10649,10649
TEST_10650,10650
TEST_10651,10651
TEST_10652,10652
TEST_10653,10653
TEST_10654,10654
TEST_10655,10655
TEST_10656,10656
TEST_10657,10657
TEST_10658,10658
TEST_10659,10659
TEST_10660,10660
TEST_10661,10661
TEST_10662,10662
TEST_10663,10663
TEST_10664,10664
TEST_10665,10665
TEST_10666,10666
TEST_10667,10667
TEST_10668,10668
TEST_10669,10669
TEST_10670,10670
TEST_10671,10671
TEST_10672,10672
TEST_10673,10673
TEST_10674,10674
TEST_10675,10675
TEST_10676,10676
TEST_10677,10677
TEST_10678,10678
TEST_10679,10679
TEST_10680,10680
TEST_10681,10681
TEST_10682,10682
TEST_10683,10683
TEST_10684,10684
TEST_10685,10685
TEST_10686,10686
TEST_10687,10687
TEST_10688,10688
TEST_10689,10689
TEST_10690,10690
TEST_10691,10691
TEST_10692,10692
TEST_10693,10693
TEST_10694,10694
TEST_10695,10695
TEST_10696,10696
TEST_10697,10697
TEST_10698,10698
TEST_10699,10699
TEST_10700,10700
TEST_10701,10701
TEST_10702,10702
TEST_10703,10703
TEST_10704,10704
TEST_10705,10705
TEST_10706,10706
TEST_10707,10707
TEST_10708,10708
TEST_10709,10709
TEST_10710,10710
TEST_10711,10711
TEST_10712,10712
TEST_10713,10713
TEST_10714,10714
TEST_10715,10715
TEST_10716,10716
TEST_10717,10717
TEST_10718,10718
TEST_10719,10719
TEST_10720,10720
TEST_10721,10721
TEST_10722,10722
TEST_10723,10723
TEST_10724,10724
TEST_10725,10725
TEST_10726,10726
TEST_10727,10727
TEST_10728,10728
TEST_10729,10729
TEST_10730,10730
TEST_10731,10731
TEST_10732,10732
TEST_10733,10733
TEST_10734,10734
TEST_10735,10735
TEST_10736,10736
TEST_10737,10737
TEST_10738,10738
TEST_10739,10739
TEST_10740,10740
TEST_10741,10741
TEST_10742,10742
TEST_10743,10743
TEST_10744,10744
TEST_10745,10745
TEST_10746,10746
TEST_10747,10747
TEST_10748,10748
TEST_10749,10749
TEST_10750,10750
TEST_10751,10751
TEST_10752,10752
TEST_10753,10753
TEST_10754,10754
TEST_10755,10755
TEST_10756,10756
TEST_10757,10757
TEST_10758,10758
TEST_10759,10759
TEST_10760,10760
TEST_10761,10761
TEST_10762,10762
TEST_10763,10763
TEST_10764,10764
TEST_10765,10765
TEST_10766,10766
TEST_10767,10767
TEST_10768,10768
TEST_10769,10769
TEST_10770,10770
TEST_10771,10771
TEST_10772,10772
TEST_10773,10773
TEST_10774,10774
TEST_10775,10775
TEST_10776,10776
TEST_10777,10777
TEST_10778,10778
TEST_10779,10779
TEST_10780,10780
TEST_10781,10781
TEST_10782,10782
TEST_10783,10783
TEST_10784,10784
TEST_10785,10785
TEST_10786,10786
TEST_10787,10787
TEST_10788,10788
TEST_10789,10789
TEST_10790,10790
TEST_10791,10791
TEST_10792,10792
TEST_10793,10793
TEST_10794,10794
TEST_10795,10795
TEST_10796,10796
TEST_10797,10797
TEST_10798,10798
TEST_10799,10799
TEST_10800,10800
TEST_10801,10801
TEST_10802,10802
TEST_10803,10803
TEST_10804,10804
TEST_10805,10805
TEST_10806,10806
TEST_10807,10807
TEST_10808,10808
TEST_10809,10809
TEST_10810,10810
TEST_10811,10811
TEST_10812,10812
TEST_10813,10813
TEST_10814,10814
TEST_10815,10815
TEST_10816,10816
TEST_10817,10817
TEST_10818,10818
TEST_10819,10819
TEST_10820,10820
TEST_10821,10821
TEST_10822,10822
TEST_10823,10823
TEST_10824,10824
TEST_10825,10825
TEST_10826,10826
TEST_10827,10827
TEST_10828,10828
TEST_10829,10829
TEST_10830,10830
TEST_10831,10831
TEST_10832,10832
TEST_10833,10833
TEST_10834,10834
TEST_10835,10835
TEST_10836,10836
TEST_10837,10837
TEST_10838,10838
TEST_10839,10839
TEST_10840,10840
TEST_10841,10841
TEST_10842,10842
TEST_10843,10843
TEST_10844,10844
TEST_10845,10845
TEST_10846,10846
TEST_10847,10847
TEST_10848,10848
TEST_10849,10849
TEST_10850,10850
TEST_10851,10851
TEST_10852,10852
TEST_10853,10853
TEST_10854,10854
TEST_10855,10855
TEST_10856,10856
TEST_10857,10857
TEST_10858,10858
TEST_10859,10859
TEST_10860,10860
TEST_10861,10861
TEST_10862,10862
TEST_10863,10863
TEST_10864,10864
TEST_10865,10865
TEST_10866,10866
TEST_10867,10867
TEST_10868,10868
TEST_10869,10869
TEST_10870,10870
TEST_10871,10871
TEST_10872,10872
TEST_10873,10873
TEST_10874,10874
TEST_10875,10875
TEST_10876,10876
TEST_10877,10877
TEST_10878,10878
TEST_10879,10879
TEST_10880,10880
TEST_10881,10881
TEST_10882,10882
TEST_10883,10883
TEST_10884,10884
TEST_10885,10885
TEST_10886,10886
TEST_10887,10887
TEST_10888,10888
TEST_10889,10889
TEST_10890,10890
TEST_10891,10891
TEST_10892,10892
TEST_10893,10893
TEST_10894,10894
TEST_10895,10895
TEST_10896,10896
TEST_10897,10897
TEST_10898,10898
TEST_10899,10899
TEST_10900,10900
TEST_10901,10901
TEST_10902,10902
TEST_10903,10903
TEST_10904,10904
TEST_10905,10905
TEST_10906,10906
TEST_10907,10907
TEST_10908,10908
TEST_10909,10909
TEST_10910,10910
TEST_10911,10911
TEST_10912,10912
TEST_10913,10913
TEST_10914,10914
TEST_10915,10915
TEST_10916,10916
TEST_10917,10917
TEST_10918,10918
TEST_10919,10919
TEST_10920,10920
TEST_10921,10921
TEST_10922,10922
TEST_10923,10923
TEST_10924,10924
TEST_10925,10925
TEST_10926,10926
TEST_10927,10927
TEST_10928,10928
TEST_10929,10929
TEST_10930,10930
TEST_10931,10931
TEST_10932,10932
TEST_10933,10933
TEST_10934,10934
TEST_10935,10935
TEST_10936,10936
TEST_10937,10937
TEST_10938,10938
TEST_10939,10939
TEST_10940,10940
TEST_10941,10941
TEST_10942,10942
TEST_10943,10943
TEST_10944,10944
TEST_10945,10945
TEST_10946,10946
TEST_10947,10947
TEST_10948,10948
TEST_10949,10949
TEST_10950,10950
TEST_10951,10951
TEST_10952,10952
TEST_10953,10953
TEST_10954,10954
TEST_10955,10955
TEST_10956,10956
TEST_10957,10957
TEST_10958,10958
TEST_10959,10959
TEST_10960,10960
TEST_10961,10961
TEST_10962,10962
TEST_10963,10963
TEST_10964,10964
TEST_10965,10965
TEST_10966,10966
TEST_10967,10967
TEST_10968,10968
TEST_10969,10969
TEST_10970,10970
TEST_10971,10971
TEST_10972,10972
TEST_10973,10973
TEST_10974,10974
TEST_10975,10975
TEST_10976,10976
TEST_10977,10977
TEST_10978,10978
TEST_10979,10979
TEST_10980,10980
TEST_10981,10981
TEST_10982,10982
TEST_10983,10983
TEST_10984,10984
TEST_10985,10985
TEST_10986,10986
TEST_10987,10987
TEST_10988,10988
TEST_10989,10989
TEST_10990,10990
TEST_10991,10991
TEST_10992,10992
TEST_10993,10993
TEST_10994,10994
TEST_10995,10995
TEST_10996,10996
TEST_10997,10997
TEST_10998,10998
TEST_10999,10999
TEST_11000,11000
